{
  "canvas": {
    "version": "2.2.11",
    "width": 2000,
    "height": 2000,
    "scrollTop": 0,
    "scrollLeft": 0,
    "zoomLevel": 1,
    "show": {
      "tableComment": true,
      "columnComment": true,
      "columnDataType": true,
      "columnDefault": true,
      "columnAutoIncrement": false,
      "columnPrimaryKey": true,
      "columnUnique": false,
      "columnNotNull": true,
      "relationship": true
    },
    "database": "MySQL",
    "databaseName": "",
    "canvasType": "ERD",
    "language": "GraphQL",
    "tableCase": "pascalCase",
    "columnCase": "camelCase",
    "highlightTheme": "VS2015",
    "bracketType": "none",
    "setting": {
      "relationshipDataTypeSync": true,
      "relationshipOptimization": false,
      "columnOrder": [
        "columnName",
        "columnDataType",
        "columnNotNull",
        "columnUnique",
        "columnAutoIncrement",
        "columnDefault",
        "columnComment"
      ]
    },
    "pluginSerializationMap": {}
  },
  "table": {
    "tables": [
      {
        "name": "markets",
        "comment": "",
        "columns": [
          {
            "name": "id",
            "comment": "",
            "dataType": "INT",
            "default": "",
            "option": {
              "autoIncrement": false,
              "primaryKey": true,
              "unique": false,
              "notNull": true
            },
            "ui": {
              "active": false,
              "pk": true,
              "fk": false,
              "pfk": false,
              "widthName": 60,
              "widthComment": 60,
              "widthDataType": 60,
              "widthDefault": 60
            },
            "id": "3e5aa9c2-89d6-4c7f-ae64-cc0837eb2db7"
          },
          {
            "name": "owner_name",
            "comment": "",
            "dataType": "VARCHAR",
            "default": "",
            "option": {
              "autoIncrement": false,
              "primaryKey": false,
              "unique": false,
              "notNull": true
            },
            "ui": {
              "active": false,
              "pk": false,
              "fk": false,
              "pfk": false,
              "widthName": 77.15625,
              "widthComment": 60,
              "widthDataType": 64.60693359375,
              "widthDefault": 60
            },
            "id": "40272964-27b3-445b-bf7d-3348de292af0"
          },
          {
            "name": "buying_crypto_id",
            "comment": "",
            "dataType": "INT",
            "default": "",
            "option": {
              "autoIncrement": false,
              "primaryKey": false,
              "unique": false,
              "notNull": true
            },
            "ui": {
              "active": false,
              "pk": false,
              "fk": true,
              "pfk": false,
              "widthName": 100.287109375,
              "widthComment": 60,
              "widthDataType": 60,
              "widthDefault": 60
            },
            "id": "cc97a76e-0c91-4202-b46a-7e47bd2cd9f7"
          },
          {
            "name": "selling_crypto_id",
            "comment": "",
            "dataType": "INT",
            "default": "",
            "option": {
              "autoIncrement": false,
              "primaryKey": false,
              "unique": false,
              "notNull": true
            },
            "ui": {
              "active": false,
              "pk": false,
              "fk": true,
              "pfk": false,
              "widthName": 98.83349609375,
              "widthComment": 60,
              "widthDataType": 60,
              "widthDefault": 60
            },
            "id": "6d822508-38fe-4adb-ab7c-0120f5253965"
          }
        ],
        "ui": {
          "active": true,
          "left": 136.2777,
          "top": 80.111,
          "zIndex": 416,
          "widthName": 60,
          "widthComment": 60
        },
        "visible": true,
        "id": "72fad44e-b9c6-4193-a668-3efd85ec0c62"
      },
      {
        "name": "cryptocurrencies",
        "comment": "",
        "columns": [
          {
            "name": "id",
            "comment": "",
            "dataType": "INT",
            "default": "",
            "option": {
              "autoIncrement": false,
              "primaryKey": true,
              "unique": false,
              "notNull": true
            },
            "ui": {
              "active": false,
              "pk": true,
              "fk": false,
              "pfk": false,
              "widthName": 60,
              "widthComment": 60,
              "widthDataType": 60,
              "widthDefault": 60
            },
            "id": "5424966c-4390-4a14-b876-4a0124492559"
          },
          {
            "name": "name",
            "comment": "",
            "dataType": "VARCHAR",
            "default": "",
            "option": {
              "autoIncrement": false,
              "primaryKey": false,
              "unique": false,
              "notNull": true
            },
            "ui": {
              "active": false,
              "pk": false,
              "fk": false,
              "pfk": false,
              "widthName": 60,
              "widthComment": 60,
              "widthDataType": 64.60693359375,
              "widthDefault": 60
            },
            "id": "7094633b-6633-48c4-9125-2d03dcb290bb"
          }
        ],
        "ui": {
          "active": false,
          "left": 715.6115,
          "top": 102,
          "zIndex": 388,
          "widthName": 97.3671875,
          "widthComment": 60
        },
        "visible": true,
        "id": "b7e08e8d-e3c7-45ad-8c16-871d47e938de"
      },
      {
        "name": "historical_data",
        "comment": "",
        "columns": [
          {
            "name": "id",
            "comment": "",
            "dataType": "INT",
            "default": "",
            "option": {
              "autoIncrement": false,
              "primaryKey": true,
              "unique": false,
              "notNull": true
            },
            "ui": {
              "active": false,
              "pk": true,
              "fk": false,
              "pfk": false,
              "widthName": 60,
              "widthComment": 60,
              "widthDataType": 60,
              "widthDefault": 60
            },
            "id": "a179e163-5a03-4adc-affc-b50ed603438c"
          },
          {
            "name": "buy_value",
            "comment": "",
            "dataType": "DECIMAL",
            "default": "",
            "option": {
              "autoIncrement": false,
              "primaryKey": false,
              "unique": false,
              "notNull": true
            },
            "ui": {
              "active": false,
              "pk": false,
              "fk": false,
              "pfk": false,
              "widthName": 61.26806640625,
              "widthComment": 60,
              "widthDataType": 60,
              "widthDefault": 60
            },
            "id": "d4a532a1-78f8-467d-adbf-35aa1c57d8de"
          },
          {
            "name": "sell_value",
            "comment": "",
            "dataType": "DECIMAL",
            "default": "",
            "option": {
              "autoIncrement": false,
              "primaryKey": false,
              "unique": false,
              "notNull": true
            },
            "ui": {
              "active": false,
              "pk": false,
              "fk": false,
              "pfk": false,
              "widthName": 60,
              "widthComment": 60,
              "widthDataType": 60,
              "widthDefault": 60
            },
            "id": "a3145816-0f25-47e0-a55c-bc72c8d2bad2"
          },
          {
            "name": "date",
            "comment": "",
            "dataType": "DATE",
            "default": "",
            "option": {
              "autoIncrement": false,
              "primaryKey": false,
              "unique": false,
              "notNull": true
            },
            "ui": {
              "active": false,
              "pk": false,
              "fk": false,
              "pfk": false,
              "widthName": 60,
              "widthComment": 60,
              "widthDataType": 60,
              "widthDefault": 60
            },
            "id": "96746bc4-1430-468e-8de9-f255639a0378"
          },
          {
            "name": "cryptocurrency_id",
            "comment": "",
            "dataType": "INT",
            "default": "",
            "option": {
              "autoIncrement": false,
              "primaryKey": false,
              "unique": false,
              "notNull": true
            },
            "ui": {
              "active": false,
              "pk": false,
              "fk": true,
              "pfk": false,
              "widthName": 104.59716796875,
              "widthComment": 60,
              "widthDataType": 60,
              "widthDefault": 60
            },
            "id": "00552f6f-4e58-4bf4-a285-7a6aee56422c"
          }
        ],
        "ui": {
          "active": false,
          "left": 693,
          "top": 408,
          "zIndex": 228,
          "widthName": 85.8271484375,
          "widthComment": 60
        },
        "visible": true,
        "id": "5c80b1d5-c3b9-45d8-b0ca-2e88aa04aab4"
      }
    ],
    "indexes": []
  },
  "memo": {
    "memos": []
  },
  "relationship": {
    "relationships": [
      {
        "identification": false,
        "relationshipType": "ZeroN",
        "startRelationshipType": "Dash",
        "start": {
          "tableId": "b7e08e8d-e3c7-45ad-8c16-871d47e938de",
          "columnIds": [
            "5424966c-4390-4a14-b876-4a0124492559"
          ],
          "x": 891.414966796875,
          "y": 212,
          "direction": "bottom"
        },
        "end": {
          "tableId": "5c80b1d5-c3b9-45d8-b0ca-2e88aa04aab4",
          "columnIds": [
            "00552f6f-4e58-4bf4-a285-7a6aee56422c"
          ],
          "x": 888.798583984375,
          "y": 408,
          "direction": "top"
        },
        "constraintName": "fk_cryptocurrencies_to_historical_datas",
        "visible": true,
        "id": "dc383dc9-4131-4bdc-8627-88610afde91c"
      },
      {
        "identification": false,
        "relationshipType": "ZeroOne",
        "startRelationshipType": "Dash",
        "start": {
          "tableId": "b7e08e8d-e3c7-45ad-8c16-871d47e938de",
          "columnIds": [
            "5424966c-4390-4a14-b876-4a0124492559"
          ],
          "x": 715.6115,
          "y": 129.5,
          "direction": "left"
        },
        "end": {
          "tableId": "72fad44e-b9c6-4193-a668-3efd85ec0c62",
          "columnIds": [
            "cc97a76e-0c91-4202-b46a-7e47bd2cd9f7"
          ],
          "x": 528.17174296875,
          "y": 117.861,
          "direction": "right"
        },
        "constraintName": "fk_cryptocurrencies_to_markets",
        "visible": true,
        "id": "7bc00f0a-fc98-4100-a9bd-a7ff14bef30b"
      },
      {
        "identification": false,
        "relationshipType": "ZeroOne",
        "startRelationshipType": "Dash",
        "start": {
          "tableId": "b7e08e8d-e3c7-45ad-8c16-871d47e938de",
          "columnIds": [
            "5424966c-4390-4a14-b876-4a0124492559"
          ],
          "x": 715.6115,
          "y": 184.5,
          "direction": "left"
        },
        "end": {
          "tableId": "72fad44e-b9c6-4193-a668-3efd85ec0c62",
          "columnIds": [
            "6d822508-38fe-4adb-ab7c-0120f5253965"
          ],
          "x": 528.17174296875,
          "y": 193.361,
          "direction": "right"
        },
        "constraintName": "fk_cryptocurrencies_to_markets",
        "visible": true,
        "id": "8ec5f4bb-dae6-428b-a6c0-70505481fd2f"
      }
    ]
  }
}